DATE,ATA,FLT NO
10-Jun-25,0927,QZ7533
10-Jun-25,1154,D79991
10-Jun-25,1205,Z24903
10-Jun-25,2356,XT4415
11-Jun-25,0151,D76672
11-Jun-25,0708,XT1779
11-Jun-25,0732,Z2534
11-Jun-25,0808,QZ9297
11-Jun-25,1006,AK6324
11-Jun-25,1122,QZ4474
11-Jun-25,1148,QZ8937
11-Jun-25,1748,XT3395
11-Jun-25,2031,FD7617
11-Jun-25,2120,PX1016
11-Jun-25,2130,Z22805
12-Jun-25,0146,FD8885
12-Jun-25,0213,Z25255
12-Jun-25,1440,PX6077
12-Jun-25,1501,AK6047
12-Jun-25,1655,Z27032
12-Jun-25,1755,AK1976
13-Jun-25,0728,Z24657
13-Jun-25,0859,XT9225
13-Jun-25,1238,FD8769
13-Jun-25,1628,AK4161
14-Jun-25,0205,XT8062
14-Jun-25,0532,AK4989
14-Jun-25,0645,XT9028
14-Jun-25,0645,AK850
14-Jun-25,0847,Z27119
14-Jun-25,1223,QZ2366
14-Jun-25,1302,AK1635
14-Jun-25,1505,PX871
14-Jun-25,2315,QZ7673
15-Jun-25,0301,XT4606
15-Jun-25,0749,D71407
15-Jun-25,0925,XT6218
15-Jun-25,1321,D72647
15-Jun-25,1748,D75673
15-Jun-25,2141,AK2903
15-Jun-25,2357,Z21524
16-Jun-25,0048,PX2715
16-Jun-25,0248,Z22160
16-Jun-25,0309,XT2721
16-Jun-25,0755,AK6327
16-Jun-25,0915,AK4046
16-Jun-25,1658,AK9913
16-Jun-25,2032,Z23358
16-Jun-25,2039,PX6025
16-Jun-25,2127,Z21140
